<?xml version="1.0" encoding="utf-8"?>
<metadata xmlns="http://www.demandware.com/xml/impex/metadata/2006-10-31">
	<type-extension type-id="SitePreferences">
		<custom-attribute-definitions>

			<attribute-definition attribute-id="catalogExportApiKey">
				<display-name xml:lang="x-default">Catalog Export API Key</display-name>
				<type>string</type>
				<mandatory-flag>false</mandatory-flag>
				<externally-managed-flag>false</externally-managed-flag>
				<min-length>0</min-length>
				<field-length>0</field-length>
			</attribute-definition>
			<attribute-definition attribute-id="catalogExportDestinationURL">
				<display-name xml:lang="x-default">Catalog Export Destination URL</display-name>
				<type>string</type>
				<mandatory-flag>false</mandatory-flag>
				<externally-managed-flag>false</externally-managed-flag>
				<min-length>0</min-length>
				<field-length>0</field-length>
			</attribute-definition>
            <attribute-definition attribute-id="live2AIsdk">
				<display-name xml:lang="x-default">Live2 AI SDK</display-name>
				<type>string</type>
				<mandatory-flag>false</mandatory-flag>
				<externally-managed-flag>false</externally-managed-flag>
				<min-length>0</min-length>
				<field-length>0</field-length>
			</attribute-definition>
            <attribute-definition attribute-id="live2ATeamId">
                <display-name xml:lang="x-default">Live2 AI Team ID</display-name>
                <type>string</type>
                <mandatory-flag>false</mandatory-flag>
                <externally-managed-flag>false</externally-managed-flag>
                <min-length>0</min-length>
                <field-length>0</field-length>
            </attribute-definition>

		</custom-attribute-definitions>
		<group-definitions>
			<attribute-group group-id="Live2AI">
				<display-name xml:lang="x-default">Live2 AI</display-name>
				<attribute attribute-id="catalogExportApiKey" />
				<attribute attribute-id="catalogExportDestinationURL" />
				<attribute attribute-id="live2AIsdk" />
                <attribute attribute-id="live2ATeamId" />
			</attribute-group>
		</group-definitions>
	</type-extension>
</metadata>
