<?xml version="1.0" encoding="UTF-8"?>
<jobs xmlns="http://www.demandware.com/xml/impex/jobs/2015-07-01">
    <job job-id="export-catalog-job" priority="0">
        <description>Job to export the entire catalog to an external system</description>
        <parameters>
            <parameter name="DestinationURL">
                <description>URL to send the catalog data to</description>
                <default-value></default-value>
            </parameter>
        </parameters>
        <flow>
            <context site-id="SiteGenesis" org-id="f_ecom" />
            <step step-id="export-catalog-step" type="custom.executeFullCatalogExport" enforce-restart="false">
                <description>Export the entire catalog</description>
                <parameters>
                    <parameter name="DestinationURL">${Parameters.DestinationURL}</parameter>
                </parameters>
            </step>
        </flow>
        <rules>
            <on-running runtime-threshold="60m" enabled="true">
                <mark-job-as-hanging />
            </on-running>
        </rules>
        <triggers>
            <run-once enabled="false">
                <date>2025-01-01Z</date>
                <time>04:00:00.000Z</time>
            </run-once>
            <run-recurring enabled="false">
                <recurrence>
                    <day-of-week>
                        <weekday>Friday</weekday>
                    </day-of-week>
                    <time>01:00:00.000Z</time>
                    <relative-to>UTC</relative-to>
                </recurrence>
            </run-recurring>
        </triggers>
    </job>
</jobs> 